Index,Name,Position,Height,Weight,Forty,Vertical,Broadjump,Cone,Shuttle,Games,Probowls
0,Alex Brink,QB,74,211,4.96,28,112,7.22,4.19,0,0
1,Andrew Luck,QB,76,234,4.59,36,124,6.8,4.28,86,4
2,Andy Dalton,QB,74,215,4.83,29.5,106,6.93,4.27,159,3
3,Austin Davis,QB,74,219,4.69,31,109,6.73,4.11,0,0
4,Blaine Gabbert,QB,76,234,4.61,33.5,120,6.84,4.26,66,0
5,Bradlee Van Pelt,QB,74,231,4.98,33.5,115,6.89,4.11,0,0
6,Brett Basanez,QB,73,220,4.76,34,114,6.75,4.22,1,0
7,Brian Brohm,QB,75,230,4.81,30,115,7.13,4.55,0,0
8,Brian Hoyer,QB,74,215,5.02,32,109,7.1,4.42,76,0
9,Brock Berlin,QB,73,221,4.83,29,109,7.49,4.54,0,0
10,Brodie Croyle,QB,74,205,4.88,30.5,104,7.34,4.25,18,0
11,Bruce Gradkowski,QB,73,217,4.59,34,107,7.12,4.16,37,0
12,Cam Newton,QB,77,248,4.56,35,126,6.92,4.18,148,3
13,Chad Henne,QB,75,230,4.92,25.5,106,7.17,4.4,77,0
14,Chad Pennington,QB,75,229,4.81,33.5,111,7.12,4.16,89,0
15,Chandler Harnish,QB,74,219,4.68,32.5,112,6.78,4.15,0,0
16,Charlie Frye,QB,76,225,4.79,33,113,6.94,4.08,26,0
17,Charlie Whitehurst,QB,77,223,4.75,33,112,7,4.11,25,0
18,Chris Redman,QB,75,222,5.37,26.5,98,7.8,4.78,30,0
19,Chris Simms,QB,76,220,4.84,31,103,7.38,4.21,0,0
20,Christian Ponder,QB,74,229,4.63,34,116,6.85,4.09,38,0
21,Cleo Lemon,QB,74,226,4.87,35.5,106,7.33,4.27,0,0
22,Cody Pickett,QB,75,233,4.79,30.5,109,7.19,4.3,6,0
23,Colin Kaepernick,QB,77,233,4.53,32.5,115,6.85,4.18,69,0
24,Craig Krenzel,QB,75,228,4.84,28,112,7.22,4.08,6,0
25,Curtis Painter,QB,75,225,4.87,29,102,7,4.48,14,0
26,Dan LeFevour,QB,75,230,4.6,29.5,110,6.93,4.22,0,0
27,Dan Orlovsky,QB,77,225,4.93,29.5,107,7.33,4.39,26,0
28,Dave Ragone,QB,76,249,4.99,30.5,101,7.42,4.36,2,0
29,David Carr,QB,75,223,4.67,35,108,7.05,4.28,94,0
30,David Garrard,QB,74,235,4.82,33.5,111,7.35,4.26,86,1
31,Derek Anderson,QB,78,242,5.03,29,103,7.67,4.62,0,0
32,Drew Brees,QB,72,213,4.83,32,105,7.09,4.21,287,13
33,Drew Stanton,QB,75,226,4.75,30.5,108,6.77,4.41,0,0
34,Drew Willy,QB,75,215,4.9,30.5,109,7.18,4.45,0,0
35,Erik Ainge,QB,77,225,4.98,21.5,108,7.51,4.6,0,0
36,Graham Harrell,QB,74,223,4.95,29.5,98,7.45,4.56,0,0
37,Greg McElroy,QB,74,220,4.84,33,107,7.11,4.45,0,0
38,Hunter Cantwell,QB,76,235,5.22,26,99,7.4,4.59,0,0
39,Ingle Martin,QB,74,220,4.71,36,111,7.13,4.17,1,0
40,J.T. O'Sullivan,QB,74,223,4.88,29,107,7.46,4.28,0,0
41,Jake Locker,QB,74,231,4.51,35,120,6.77,4.12,30,0
42,Jarrett Brown,QB,75,224,4.5,34.5,114,7.24,4.39,0,0
43,Jeff Rowe,QB,77,226,4.91,29.5,114,7.16,4.42,0,0
44,Jerrod Johnson,QB,77,251,4.75,29,119,7.28,4.31,0,0
45,Jesse Palmer,QB,74,231,4.78,35.5,112,7.13,4.29,0,0
46,Joe Flacco,QB,78,236,4.84,28.5,110,6.82,4.27,181,0
47,Joey Harrington,QB,76,215,4.89,32,112,7,4.21,81,0
48,John Beck,QB,74,215,4.75,29.5,111,6.81,4.17,9,0
49,John Navarre,QB,78,246,5.19,26.5,100,7.73,4.46,2,0
50,John Parker Wilson,QB,73,219,4.75,29.5,105,7.53,4.59,0,0
51,John Skelton,QB,77,243,4.85,33.5,108,7.17,4.33,20,0
52,Jordan Palmer,QB,78,231,4.98,30.5,104,7.32,4.58,0,0
53,Josh Freeman,QB,78,248,4.9,33.5,119,7.11,4.43,62,0
54,Josh McCown,QB,76,221,4.59,38.5,120,6.85,3.9,102,0
55,Josh Portis,QB,75,211,4.59,40,126,6.84,4.12,0,0
56,Kellen Moore,QB,72,197,4.82,27,99,7.41,4.56,0,0
57,Kevin Kolb,QB,75,218,4.85,32.5,112,6.94,4.44,34,0
58,Kevin O'Connell,QB,77,225,4.61,31,113,7.01,4.38,2,0
59,Kirk Cousins,QB,75,214,4.84,28.5,109,7.05,4.5,134,3
60,Kliff Kingsbury,QB,75,213,4.77,30,101,6.92,4.1,0,0
61,Kurt Kittner,QB,74,221,4.86,27,100,7.34,4.5,0,0
62,Kyle Boller,QB,75,234,4.61,35.5,117,7.2,4.02,67,0
63,Luke McCown,QB,76,208,4.71,37.5,125,6.74,4.21,62,0
64,Marcus Vick,QB,72,200,4.47,36,117,6.94,4.08,1,0
65,Mark Sanchez,QB,74,227,4.93,32.5,116,7.06,4.21,79,0
66,Marques Tuiasosopo,QB,73,223,4.71,35.5,115,7.36,4.35,13,0
67,Matt Flynn,QB,74,231,4.79,28,109,7.21,4.34,51,0
68,Matt Gutierrez,QB,76,232,5,29.5,108,6.99,4.28,6,0
69,Matt Schaub,QB,78,243,5.04,30.5,110,7.65,4.62,155,2
70,Matthew Stafford,QB,74,225,4.81,30.5,107,7.06,4.47,190,1
71,Max Hall,QB,73,209,4.84,32,102,7.07,4.35,6,0
72,Mike Kafka,QB,75,225,4.93,32,110,6.96,4.37,0,0
73,Mike McMahon,QB,74,207,4.57,37.5,124,7.12,4.12,29,0
74,Nathan Enderle,QB,76,240,5.12,25.5,102,7.13,4.46,0,0
75,Pat Devlin,QB,75,225,4.81,33,116,7.08,4.32,0,0
76,Pat White,QB,72,197,4.55,35,117,7.06,4.42,13,0
77,Patrick Ramsey,QB,74,219,5.24,33.5,112,7.12,4.09,37,0
78,Quincy Carter,QB,74,225,4.58,35.5,113,7.12,4.12,38,0
79,Randy Fasani,QB,75,224,4.77,31.5,106,6.75,3.87,4,0
80,Reggie McNeal,QB,74,198,4.4,32,121,6.96,4.25,7,0
81,Rhett Bomar,QB,74,225,4.7,33.09999847,106,6.91,4.06,0,0
82,Ricky Stanzi,QB,76,223,4.87,32.5,110,6.95,4.43,0,0
83,Ronald Curry,QB,74,220,4.59,35,115,7.06,4.11,76,0
84,Rudy Carpenter,QB,74,218,4.89,29,100,7.25,4.47,0,0
85,Russell Wilson,QB,71,204,4.53,34,118,6.97,4.09,166,9
86,Ryan Fitzpatrick,QB,74,232,4.86,30.5,105,7.09,4.07,166,0
87,Ryan Lindley,QB,76,229,4.86,29.5,108,7.52,4.45,10,0
88,Sage Rosenfels,QB,76,228,4.74,34,107,7.07,4.29,0,0
89,Scott Tolzien,QB,74,212,4.92,29.5,116,6.84,4.12,0,0
90,Sean Canfield,QB,76,223,4.93,29.5,100,7.26,4.39,0,0
91,Seneca Wallace,QB,71,196,4.56,38,127,6.98,4.14,0,0
92,Spergon Wynn,QB,75,229,4.91,34,108,7.71,4.59,10,0
93,Stephen McGee,QB,75,225,4.61,33,112,7.34,4.49,0,0
94,T.J. Yates,QB,75,219,5.06,29.5,104,6.96,4.12,22,0
95,Tarvaris Jackson,QB,74,226,4.69,31.5,107,7.4,4.38,59,0
96,Tim Hasselbeck,QB,73,211,4.83,33,113,7.27,4.4,0,0
97,Tim Rattay,QB,72,215,4.91,25.5,100,7.34,4.21,40,0
98,Tim Tebow,QB,75,236,4.71,38.5,115,6.66,4.17,35,0
99,Todd Husak,QB,75,216,5.2,27.5,99,7.17,4.41,1,0
100,Tom Brady,QB,76,211,5.28,24.5,99,7.2,4.38,328,15
101,Tom Brandstater,QB,77,220,4.87,28.5,106,6.93,4.37,0,0
102,Tony Pike,QB,78,223,4.9,28.5,108,7.06,4.53,1,0
103,Tony Romo,QB,74,230,5.01,30,105,7.11,4.2,0,0
104,Tyler Palko,QB,73,215,4.83,31.5,112,7.05,4.36,0,0
105,Tyrod Taylor,QB,73,217,4.47,37.5,126,6.78,4.09,79,1
106,Zac Robinson,QB,74,214,4.68,35,110,7.24,4.4,0,0